{
  "map.entrapment.welcome": {
    "category": "player",
    "sounds": [
      "welcome"
    ]
  },
  "map.entrapment.arenasoverview": {
    "category": "player",
    "sounds": [
      "arenasoverview"
    ]
  },
  "map.entrapment.chest": {
    "category": "player",
    "sounds": [
      "chest"
    ]
  },
  "map.entrapment.combatrules": {
    "category": "player",
    "sounds": [
      "combatrules"
    ]
  },
  "map.entrapment.regen": {
    "category": "player",
    "sounds": [
      "regen"
    ]
  },
  "map.entrapment.spawnarea": {
    "category": "player",
    "sounds": [
      "spawnarea"
    ]
  },
  "map.entrapment.spawnarearules": {
    "category": "player",
    "sounds": [
      "spawnarearules"
    ]
  },
  "map.entrapment.wincondition": {
    "category": "player",
    "sounds": [
      "wincondition"
    ]
  }
}